Abraxas,2472
ABSOLUTE[L],2808
ABSOLUTE (kors k Remix),2662
Acid Pumper,2519
Advent Infamous,2901
Aegis,2389
AFRO KNUCKLE,2446
Afterimage d'automne,2908
AGEHA[L],2463
Ah Hah Yeah,2205
AIR RAID FROM THA UNDAGROUND,2374
ALBA -黎明-,3257
ALL MY TURN -このターンに、オレの全てを賭ける-,2623
Almagest[H],2268
Amazing Mirage,2672
Ambush Ace,2980
Amethyst,2639
Amor De Verao,2377
AMRITA -不滅ノ花-,2795
ANDROMEDA,2890
Angelic Jelly,2829
Anisakis -somatic mutation type"Forza"-,2880
ANTHEM LANDING,2966
apo:llioth,2986
Arabian Rave Night,2982
Around the Future,2648
Around The Galaxy,3424
AsiaN distractive,2657
Aublia,2584
Aurora,2558
B4U(BEMANI FOR YOU MIX),3612
BabeL ～Grand Story～,2849
Back Spin Sweeper,2308
Bahram Attack-猫叉Master Remix-[L],3279
Banger Banger Banger Banger,2980
Battle Train -IIDX Edition-,3344
Battleground,2716
Be a Hero!,3167
Be A Star,2826
Be OK[L],3350
Be quiet,2225
Beastie Starter,2228
Beat Juggling Mix,2251
Believe In Me,2414
Beyond Evolution[H],2633
Beyond The Earth,3264
Beyond The Seven,2745
Blame,1955
Blaze it UP!,2998
Blind Justice ～Torn souls， Hurt Faiths ～,2490
BLOCKS,1999
bloomin' feeling,2624
Blue Rain,2293
BLUST OF WIND[L],2659
Bounce Bounce Bounce,2545
Bow shock!!,3126
BRAINSTORM,2838
BREAK OVER,2401
Broadbanded,2035
BroGamer,3123
BROKEN EDEN,2358
Buffalo[L],2547
Burning Flame,2931
C-C-C-N-N-N,2852
Caldwell 99,2570
CaptivAte～浄化～,2480
CaptivAte2～覚醒～,2437
Castle on the Moon,2455
Change Yourself,2559
chaos eater -IIDX edition-,2650
ChaserXX,2884
CHECKING YOU OUT,1392
Chemical Colours,2827
CHRONO DIVER -NORNIR-,3130
Chrono Diver -PENDULUMs-[H],2818
Chronos,2399
Chronos,3062
City Never Sleeps (IIDX Edition),2681
Cleopatrysm,2639
Click Again,2177
Clione[L],2197
CODE -CRiMSON-,3023
CODE:0,2895
CODE:2,2978
COLOSSEUM,2314
CONCEPTUAL,2764
CONNECT-,2958
CONTRACT,2104
Cookie Bouquets,3423
Cosmic Cat,2327
COSMIC CYBER,2935
Crazy Jackpot,2888
crew,2953
Critical Crystal,2981
Cyber True Color,2395
D,2611
D.C.fish,2355
Daily Lunch Special,2984
Danza Aestas,3030
Dark Fall,2814
DAWN -THE NEXT ENDEAVOUR-,3150
Dawn Saga,2748
DAZZLE ATTACK,2868
Debtty Daddy,2741
DEEP ROAR,2774
Derelict Star feat. Ryu*,2663
DESIRE,2887
Destiny Sword,2424
Devilz Sacrifice -贖罪の羊-,2519
diagram,2907
DIAMOND JACKAL,2611
Digitank System,2188
Discloze,2713
DISPARATE,2482
Divine Heaven,2992
Do it!! Do it!!,1970
DREAM OF SPACE UFO ABDUCTION,2735
DROP,2663
Drop It,2817
Echoes of Sunfall,3024
EDEN[L],3273
Egret and Willow,2759
Eine Haube ～聖地の果てにあるもの～,2618
Elektrick U-Phoria,3121
Element of SPADA[L],3114
Elisha,2298
Ember Lights,2735
Emera,2352
EMERALDAS[H],2481
Empire State Glory,2653
Energy Drive,2242
Engraved Mark,2431
Ergosphere,2762
Erosion Mark,2190
Evans[H],2237
examination leave,3420
Exhaust Hype,2835
EXODUS SIGN,2712
Explorer feat. ぷにぷに電機[L],2918
EXTREME MACH COLLIDER,2602
FAKE TIME[H],1802
Farewell to Marrakech,2297
Fascination MAXX[H],1721
Fervidex,2721
FINALLY BLAZE,2842
Flash Back 90's[L],2931
FLOWER,2918
four pieces of heaven,2428
FREEDOM,2955
Funny shuffle,2374
FUTURE is Dead,2281
G2,2370
GALGALIM,2409
Game Changers,2757
Ganymede,2378
Garuda,2626
GENOCIDE,2436
Get Higher,2337
Get On Your Feet,2756
GHOST,2804
GIGA RAID,2441
GIGA THRASH,2768
GIGA VIOLATE,2765
GIGANT[L],2962
Giudecca,2739
Globe Glitter,2721
GloriosA,2873
GLORIOUS HAMMER,3161
GOBBLE,1729
GOLD RUSH,2396
Golden Palms[L],2461
GuNGNiR[H],2768
Halfway of promise,1868
HAPPY★RUSH,2949
Harmony and Lovely,2253
Hat Surprise,2465
Hat Surprise (Season 3),2756
HEISEI,2580
HELL SCAPER -Last Escape Remix-,2904
Hello Happiness,2385
Holic,1750
Honey Trap,2560
Hydrogen Blueback[L],2469
HYENA,2794
HYPE THE CORE,3057
HYPERION,2766
I Love You,2758
I will be back -オレは帰ってきた-,2974
i-ii,2369
I'm so Happy,2965
IDC feat.REVERBEE (Mo'Cuts Ver),2271
ILAYZA,2846
Illegal Function Call,2744
In the Blackest Den,2677
in the Sky,2554
INAZUMA,2735
INHERITANCE,2860
Inner Spirit,2875
INORI,3223
Insane Techniques,2512
Into The Madness,2564
INVISIBLE STRIX,2653
Journey[L],3164
Jungle Eater,3023
Just a Little Smile,2537
Just Gimme,2782
Kailua,2246
KAMAITACHI,2733
KEY,2870
KHAMEN BREAK,2538
KING,3105
kors k's How to make OTOGE CORE,2338
Kung-fu Empire,3301
LADYBIRD,2488
LASER CRUSTER[H],2486
LAST DAY,3094
Lawes's Parotia,2585
Legendary Treasures,2899
Let The Track Flow,2723
Light and Cyber…,3146
Lighting Shower,2434
LIKE A VAMPIRE,2822
Like+it!,2390
Line 4 Ruin,2804
Linus,2209
Little Little Princess,2824
Logic Board,2346
Lost Souls,2469
Lost wing at.0,2496
Love Is Eternity,2425
Lovely Howdy Cowboy!!,2801
Lucy,2333
m1dy Deluxe,2669
Macuilxochitl,3351
MAGIC & LOVE,2950
Mare Nectaris[H],2180
Marie Antoinette,2610
MA・TSU・RI,2599
MAXIVCORD,2492
MENDES[H],2689
MENTAL MELTDOWN,2865
MINT,2314
MIRACLE MEETS,2253
Modular Technology,2728
Monkey Business,2638
Move UR Body,2643
Moving on,3000
Mukade,3281
murmur twins,2404
n'pa pa BBQ,2810
Nasty Techniques,2668
naughty girl@Queen's Palace,2168
naughty girl@Queen's Palace[L],2746
Necroxis Girl,2856
NEMESIS,1940
Neo Heritage,2895
neogenesis[L],2358
Never Fade Away,3060
New Decade IIDX Edition,3070
NEW SENSATION -もう、あなたしか見えない-,2709
Next Tales 2 Oath (IIDX 20th Anniv "Ring" Theme),2767
Night sky,2972
Night! Night! Night!,3073
No Limit 2 dAnce feat. 大山愛未,2359
No Tears,2559
No.13,3200
Nocturnal 2097,2952
nostos,2696
Nothing but Theory,2876
of the first magnitude,3002
On the FM,2824
Onyx,2426
OTOKOZAKA,2957
out of disk space,2607
Outbreak,3042
OVER VOLTAGE,2650
Overload Frontier,2661
Override,2940
Overslept,2589
PAPAYAPA BASS,2844
Para siempre,2914
PARADISE LOST[H],2400
PARANOiA ～HADES～[H],1890
PENDUAL TALISMAN,2627
perditus†paradisus[H],2645
Perfect Plan,2635
Pharaoh,2481
PHASE SHIFT MANEUVER,2885
PILGRIM,2752
Playing With Fire,2389
POLKAMAИIA,2999
Pollinosis,2552
POODLE[L],3413
Pout,2628
Programmed Genom,2424
Programmed Sun,2614
Programmed World,2319
prompt,2836
Psychedelic Intelligence,2894
Psycho Sheep Riddim[L],2289
QUANTUM TELEPORTATION,2976
quasar,2322
Queen Kaguya,2655
Quick Silver,2699
R5,1776
rainbow flyer,2152
rainbow guitar weeps,2805
rainbow rainbow,2743
Raison d'etre～交差する宿命～,2768
Realize Maze,3006
Red Determination,2687
Red Soul,2968
RED ZONE,2365
refractive index,2714
Rejection Girl,2691
RESONATE 1794,1900
reunion[H],2461
REVOLVER,2797
Rising in the Sun(original mix),2402
RISLIM -Remix-,1905
Ritual of Anubis,2836
Rock It,2993
Rock Da House,2251
ROCK女 feat. 大山愛未， Ken,2840
Romanticが止まらない,2734
R∞tAge,2998
Rosa azuL,2816
ROTTERDAM SHOGUN,2591
rough percussionythm,2580
Routing,2595
Rubrum Piano,2500
RUGGED ASH[L],2070
Ruler or Loser,2673
rumrum triplets,3066
S!ck,2731
S!ck (Nhato Remix),2553
SABER WING,2861
Sakura Mirage,2376
Sakura Reflection,2379
SAMURAI-Scramble,2449
Sarutobi Champion is 拙者,2287
satellite020712 from "CODED ARMS",2566
Saturn,2659
Scandal,2939
Scarlet Moon,2772
Scars of FAUNA,2943
Scharfrichter,2936
SCHWARZSCHILD FIELD,2437
Scripted Connection⇒ H mix,2540
Second Heaven,2137
Secret of Love,2038
Secrets,3182
See You Again,3156
Sense 2007[H],2309
SEQUENCE CAT,2882
Seraph,2454
Session 1 -Genesis-,2476
SHADE,2927
Shadow World,2735
SHELTER OF THE MIND,3073
Shiva,2161
Sinus Iridum[H],2170
smile,2920
Snow Goose,2472
SOLID WYVERN,2656
Somnidiscotheque[H],2077
Souhait bleu,2799
SOUND OF GIALLARHORN,3327
SPACE FIGHT,2265
Sparkle Smilin',2478
Speculation,3052
Spica,2313
spiral galaxy,2619
squall,2711
Squeeze,2508
Star Trail[L],2635
STARLiGHT,2810
STARLIGHT DANCEHALL,2677
STARLIGHT JUNCTION[L],2920
State Of The Art,3133
STEEL NEEDLE,2527
STELLAR WIND,2721
stoic,2598
STOIC HYPOTHESIS,2862
STRAIGHT TO THE STARS,3009
Stylus,2880
Submerge Serenade,2968
Sun Field,2461
Swarm Of Scarabs,2420
SWEETEST SAVAGE,1854
Swing My Wonderland,3134
switch,2131
Synergy For Angels,2798
T.R.O.L.L.,
Tail Lights,3158
Take It Easy,2549
Take My Life,2957
Tell me what you wish feat.らっぷびと,2868
Temple of Anubis,2686
THE BLACK KNIGHT,2960
THE CANNONBALLER,3484
THE DEEP STRIKER,3049
THE DETONATOR,3245
The Dirty of Loudness,2646
THE FALLEN,2744
THE LAST STRIKER,2648
the shadow,2938
THE SHINING POLARIS(kors k mix),3285
THE TIME MACHINE,2692
the trigger of innocence[L],3116
Theory,2667
This Is Club Musik feat. 大久保紅葉,2675
(This Is Not) The Angels,2726
Time Distortion pt.2(IIDX Edit),2983
Time to Air,2909
TITANS RETURN,2530
TRANOID,2257
TRIP THE DEEP,2570
tripping contact(teranoid&MC Natsack Remix),2498
Tropical April,2784
TYPE MARS(G-Style Mix),2453
U.S.A.,2928
Ubertreffen,2558
Uh-Oh,2445
UMMU,3044
UNDERWORLD HOLOGRAPHY,3286
Unicorn tail,3184
UNITE THE HEART,3347
Urban Constellations,2327
Usual Days-remix,2716
V2,3615
Valgus,2394
VALKYRIAS -英雄誕生-,2767
VALLIS-NERIA,3006
VANESSA[H],1860
VEGA,3154
Ventriloquist,2456
Victory Of Ravers,2600
Violet Rose,2650
Volcanic Dragon,2870
VOLCANIC BIGBEAT,2986
VOX UP[H],2905
Vulkan,3027
Wanna Party?[L],2599
waxing and wanding,2909
Welcome,2698
winkle 2 winkle,2814
WISE UP![L],2634
With You,2581
Wolf 1061,3159
Wonder Bullfighter,2102
Wonder Girl feat. Kanae Asaba,2821
Wonderland,2777
X-ray binary,2830
xenon,2756
XENON II ～TOMOYUKIの野望～,3031
Xepher,3034
XINOBIKILL,2937
Xyndrome,2974
yamabiko (SINOBUZ Edition),2673
Yellow Sketch(RX-Ver.S.P.L.),2927
You'll say "Now!",2537
Ypsilon,2924
Yum Yum Jelly,2402
ZED,2801
ZENDEGI DANCE,2734
Zenith,2222
ZEИITH,3040
ZEPHYRANTHES,2989
ZERO-ONE[L],2890
ZETA～素数の世界と超越者～,3159
100％ minimoo-G,1788
10000 MILES AWAY,2975
1st Samurai,2756
2 tribe 4 K,2795
20XX,2735
24th Century BOY,2901
27th style,2588
3V0,3048
405nm (Ryu☆mix),2600
50th Memorial Songs -The BEMANI History-,2680
532nm,2690
青の洞窟,3189
朝焼けから始まるボクらの小さな旅,2580
あるビー！ feat.ころねぽち,2902
& Intelligence,3235
命の標本,2708
うさ☆かめ 大戦争！,2543
ウツシミウツシ,3181
麗 ～うらら～,2657
ATHER,2864
《ORDERBREAKER》,2497
おーまい！らぶりー！すうぃーてぃ！だーりん！,2949
オールトの雲,2661
オドループ[L],3000
鬼天,2518
朧[L],2558
X-DEN[H],2793
ガヴリールドロップキック,2711
蛇神,2869
禍根,2648
カジノファイヤーことみちゃん,2508
か・し・ま・し☆PUMP UP！,2883
仮想空間の旅人たち,2899
華蝶風雪,2993
合体せよ！ストロングイェーガー！！ (Ryu☆ remix),1939
鴉,2710
君のハートにロックオン,2718
響花水月,2969
狂水一華,2731
グッバイ宣言,3111
《GRANDMASTER》,2993
恋は白帯、サンシロー[L],2788
#The_Relentless,2952
≡+≡,3039
時空トラベローグ,2742
雫,2717
忍恋花,2273
灼熱 Pt.2 Long Train Running[H],2171
シャムシールの舞,2580
少年リップルズ,2478
シル・ヴ・プレジデント[L],2592
セロトニン,2371
創世ノート,3012
泰東ノ翠霞,1815
たからもの[L],3567
打打打打打打打打打打,2676
旅人リラン,2683
チェイスチェイスジョーカーズのうた (オニスタイルリミックス),2849
ちょえちょえまぎか,3056
超青少年ノ為ノ超多幸ナ超古典的超舞曲,2700
追想快晴テーマパーク,3154
月とミルク,2795
ディッシュウォッシャー◎彡おいわちゃん,2550
天空脳番長危機十六連打,2640
デッドボヲルdeホームラン,2806
Ｘ↑Ｘ↓,2958
ドッキン☆サマーあばんちゅーる,2886
とろぴかる倶楽部,2306
IX[H],2477
嘆きの樹[H],2555
涙のテ・エストラーニョ・ムーチョ,2837
寝起きヤシの木,2820
眠りの国のステラ,2775
ハードベース・フェスタ,2885
パーフェクトイーター,3058
ハイテックトキオ,2727
儚き恋の華,3025
爆ゼニ☆がってんワーカー,2765
果たせぬ約束 ft. 小林マナ,3027
バッドエンド・シンドローム,2989
花冠 feat.Aikapin,2696
バ→ビ→ブ→Bomb!,2583
パ→ピ→プ→Yeah!,2560
パラドキシカル・タイムリープトライアル(Short Ver.),2817
バンブーソード・ガール,2499
ピアノ協奏曲第１番”蠍火”[H],2174
卑弥呼[H],2794
開きたまえ！Next stAge！,2921
フォニイ,2907
冬椿 ft. Kanae Asaba[L],3064
ぷろぐれっしぶ時空少女！うらしまたろ子ちゃん！,2559
ベィスドロップ・フリークス[L],2521
牧神笛吹きて,2082
マーシャル・マキシマイザー,2164
マツケンサンバII,2919
曼荼羅恋々,2775
ミッドナイト☆WAR,2518
ミッドナイト堕天使,2796
ミュージック・アワー,3025
無意識のフィロソフィア,3358
明鏡止水,2856
めうめうぺったんたん！！ (ZAQUVA Remix),2829
もっと！モット！ときめき feat. 松下,2815
勇者,2487
夕焼け ～Fading Day～,2830
ユミル,2863
夢縁,3026
ラクエン,2043
ラビットホール,2942
ランカーキラーガール,2949
乱膳の舞姫,2757
輪廻の鴉,2793
龍王の霊廟(Mausoleum Of The Primal Dragon),3225
龍と少女とデコヒーレンス,3027
量子の海のリントヴルム,3013
凛として咲く花の如く[L],3188
錬成人間トリコロイダー,3222
惑星鉄道[H],2150
惑星☆ロリポップ,2843